frame_index,timestamp,variance,laplacian_var,sobel_mean,std_contrast,brenner,blur_index,estimated_visibility
0,0,375.0432139739037,147.52469292533664,9.041351832145772,19.366032478902426,2849919,0.8949195074632968,117.41893171438414
1,60,341.4747953861896,107.68584743640915,5.918502238333114,18.479036646594693,1763741,0.9456155556908187,57.51221411480569
2,120,382.97784099912155,186.49459743795398,8.571092749898414,19.569819646566025,2232396,0.8882979682325959,125.74838146894822
3,180,373.01261627366694,183.8381868488629,8.532268627719132,19.313534536010412,2231208,0.8909563545384582,122.38943569579186
4,240,338.9157721359772,173.13720486099336,7.732375315503875,18.409665182614734,2077362,0.9068486485027722,102.71984376998604
5,300,438.8168561402203,199.35019313986976,9.331893682924141,20.947955894077595,2367119,0.8693001321099185,150.35068218942263
6,360,455.2588891198605,208.5026128200201,9.519994060403526,21.336796599299074,2409190,0.8621120614714779,159.94201298282613
7,420,446.9238535142639,205.82492078930775,9.231246463453536,21.140573632573545,2304527,0.8671453445886801,153.2092125505649
8,480,430.4776897705633,191.13455186434032,7.8111092703972504,20.747956279367934,2027834,0.8872954232353077,127.02035174907397
9,540,393.8364139688704,233.42398654483748,8.80541069819271,19.845312140877763,2123311,0.8692314567506875,150.44156793191104
10,600,441.628144134856,243.67063910563795,9.535304691524662,21.014950490897093,2239040,0.8526888181739911,172.76077589650066
11,660,516.9357292825191,251.89090494448345,10.090509360385276,22.73622064641613,2333150,0.8349908041983305,197.61797970948172
12,720,525.3027085845902,256.66246202077866,10.400746323409823,22.919483165738928,2408002,0.829335351305908,205.78484737851335
13,780,530.3048433371636,256.13970051894955,10.328427053982942,23.02834868889134,2348546,0.8298850405963507,204.98617408672126
14,840,529.2625110023771,253.3466666632335,10.292705982995956,23.005706053115976,2324014,0.8314666232960485,202.6940973720171
15,900,520.9458240403058,247.68840386264822,10.150764147015234,22.824237644230436,2353069,0.8353636446238377,197.08345752860436
16,960,487.98779156262316,244.6415071564839,10.000327085781993,22.090445707649792,2360364,0.8417745316073239,187.9665664041332
17,1020,468.5856566116849,244.30866210440067,9.847373568972406,21.64683941391179,2281923,0.84620012862279,181.75354289714272
18,1080,468.13676413759663,245.28714518219624,9.896733504809841,21.636468384133224,2312996,0.845302424408849,183.00855542835657
19,1140,467.82312084350605,245.3504242454799,9.847783919789556,21.629219145487106,2323368,0.8456034287817913,182.58744697929896
20,1200,467.6372188898533,243.2600455708398,9.772678449435022,21.624921245864765,2316436,0.846981525509752,180.66329652013894
21,1260,450.9063710077309,237.3169780782899,9.563222066948164,21.234556058644856,2317960,0.8528665267882272,172.5164121118182
22,1320,403.1994170459216,235.2891406178368,9.10076696314148,20.079826120908557,2202999,0.8644433166005493,156.81384863096827
23,1380,415.05187478500994,228.84391167500692,8.824265621162395,20.37282196420049,2183355,0.8672927659955675,153.0131914015189
24,1440,387.6467731986152,225.8256564620395,8.415123797460494,19.688747375051953,2090478,0.8759525310198812,141.61437359589442
25,1500,355.32908521169026,221.4313259548424,7.886405288181139,18.850174673240836,1960802,0.887079807381453,127.29428815640962
26,1560,350.78000332208217,220.03093641394042,8.045661099965894,18.72912179794029,1978990,0.8869147879640265,127.50403259772946
27,1620,341.8591050691664,206.84367404490806,7.701050967683922,18.489432253835336,1935253,0.8958019580237979,116.31816724990229
28,1680,345.4759849242739,210.15924153501606,7.73843461938059,18.586984288051514,1965712,0.893577552142399,119.09704714766796
29,1740,392.06129786957155,216.68895506145222,8.488093668349295,19.80053781768494,2069179,0.8781982952549123,138.6949911007657
30,1800,363.80460813696135,213.48850477392418,8.242840672616266,19.073662682792765,2013694,0.8856116377911849,129.16311995866783
31,1860,370.4092059786573,215.89272026875702,8.212829522104713,19.246017925239947,2073013,0.8835665056922977,131.7767180598065
32,1920,412.5281333640017,209.58372395833334,8.321501883048098,20.310788595325434,2047458,0.8792723973188779,137.30398344045702
33,1980,611.3103584914021,219.0009190538183,8.032992892564987,24.72469127191282,1964647,0.8530069507828218,172.32338972417472
34,2040,483.88178311151444,221.5990115015371,8.985508988135084,21.99731308845502,2153407,0.8596431140318999,163.27343717068584
35,2100,494.84250039926104,230.44563910372588,9.393478367064636,22.245055639383352,2257104,0.8512292156215947,174.77170854593862
36,2160,1116.494654233456,301.10539388019777,10.091746437885664,33.41398890036112,2080552,0.7516743942457392,330.3632632097849
37,2220,566.5893920310502,292.38474066696057,10.326404645461944,23.803138281139532,2138608,0.8141066802564945,228.34024612712616
38,2280,537.3795304397007,294.20899522298186,10.198101717351962,23.1814479797898,2102629,0.8183729171947636,221.93681998644539
39,2340,589.7991427903164,305.1669943574084,10.502817910678102,24.285780670802335,2150877,0.8052842767902948,241.7974978796356
40,2400,568.4766266474677,299.34188042528945,10.415559797763708,23.842747883737474,2148181,0.8106657457903835,233.55403283386445
41,2460,566.3512479183997,281.0202332881397,10.113344784545584,23.798135387428985,2032302,0.820583978264409,218.64431488787793
42,2520,524.5789509487577,277.0019140573714,9.620550243676353,22.90368858827673,1972602,0.8314162813166888,202.76692009967655
43,2580,876.2038702432089,257.6264518228978,8.423768692126082,29.600741042129485,1698739,0.8079362679552096,237.72138925125972
44,2640,924.6838026943622,239.67088975325217,8.241804270154718,30.408613955495607,1607900,0.8110911246491674,232.90709219946646
45,2700,559.979549532742,179.59146267349334,6.433320483917472,23.66388703346815,1643320,0.8877302223764495,126.46835130047151
46,2760,631.6679115125113,189.64858506942562,6.862728507576414,25.13300442669979,1738859,0.8714052894270752,147.57164333656073
47,2820,681.9760387476592,194.48491210917604,6.829503771611565,26.114670948485244,1671812,0.8644540493627269,156.7994860307465
48,2880,315.59848197931245,81.2342437065866,5.055635127582188,17.765091668193342,1509590,0.967260284126829,50.0
49,2940,316.06502535968235,201.0746066345215,8.314858430992453,17.778217721686342,2225739,0.8948633402717775,117.4890678796738
50,3000,408.96678443286555,202.50217229478153,7.9206833290068,20.222927197437702,1893690,0.8864589382707933,128.08383651778635
51,3060,420.2756914116,210.51687716764755,8.283223285279627,20.50062661021853,1951802,0.8789078726686952,137.77567717492792
52,3120,432.0316567883799,211.82183159077493,8.599219392539073,20.785371220846162,2018548,0.8739680780635053,144.2065506737385
53,3180,440.7891121598125,209.9881434405751,8.45296045399246,20.9949782605225,1925072,0.8752486144283949,142.53251420806586
54,3240,459.61624265181445,217.41439995480647,8.8431036486107,21.438662333546244,2081542,0.8659607606433486,154.786735668103
55,3300,448.02436446969773,210.6663509033474,8.770305970877352,21.16658603718837,2062112,0.8706015630587457,148.63106434891947
56,3360,449.54878542631167,211.24461371520243,8.725686073683043,21.20256553878119,2027411,0.8707946693585048,148.3763454095073
57,3420,448.04660220442406,236.67478081550126,9.620951668729926,21.167111333491494,2172626,0.8541908681369098,170.69853741367777
58,3480,463.29699768727613,237.0355479353152,9.709874691183114,21.5243350114998,2207244,0.851089953270167,174.96393437341342
59,3540,474.2596000612882,245.77335283291666,9.942782468247431,21.777502153857963,2269266,0.8443205231861224,184.38433336478255
60,3600,482.2068338147905,243.0811284639147,9.940710662161903,21.95920840592371,2272193,0.8442208138348093,184.52421879718355
61,3660,479.0016366905638,242.1559732832155,9.874144236361852,21.886106019357666,2278887,0.8454122596982727,182.85485989628253
62,3720,465.21268098731815,239.50818467353423,9.951804512786612,21.56878951140555,2313554,0.8473283936543705,180.1799721205908
63,3780,469.1061572731113,244.25350260337075,9.975014842290244,21.6588586327422,2309258,0.8449890678780991,183.44726341981888
64,3840,471.7377305158816,241.5130023864169,9.966762055616842,21.719524177934506,2316740,0.8456153552955002,182.57076782924554
65,3900,469.3424310878223,240.43168944379903,9.877342361701045,21.664312384375883,2279457,0.8472724150288593,180.257945687915
66,3960,464.1394281229925,240.81009440052242,9.85474197094081,21.543895379503507,2292965,0.8478909606166436,179.39693480483908
67,4020,458.49680776156197,239.74016166380773,9.821025557033675,21.412538564158197,2295589,0.8492525258229546,177.50606514942766
68,4080,455.9019645422936,238.0834244692014,9.779947656887705,21.351860915205812,2309961,0.8503793993127553,175.94570236315982
69,4140,457.21062916818164,237.514947912706,9.764160559580516,21.38248416737825,2324701,0.8504075353052389,175.90679584120508
70,4200,456.65319703045105,234.85517468643062,9.617763495700162,21.369445407648065,2216218,0.8533633355482677,171.83379967633758
71,4260,458.4379630236861,232.46991427951264,9.579312997966657,21.411164448102447,2242459,0.8540505291238885,170.89090855763658
72,4320,450.2006742658781,228.8114550763342,9.437453030014785,21.217932846200597,2207921,0.8577759966583899,165.80552952713475
73,4380,412.0763393568992,219.97099283003504,9.085416995587474,20.299663528169603,2141780,0.8692406826206424,150.4293574768453
74,4440,581.4104813484745,184.8098306368604,6.5217074699426,24.112454900911157,1619430,0.8827386943821739,132.8380712934499
75,4500,629.8388857782047,186.6282910141827,6.72101445164427,25.09659111867994,1646851,0.8744715400541345,143.54779337712304
76,4560,625.6819740172481,187.94200410978414,6.685699249264018,25.01363576166504,1642633,0.8748037459122894,143.11353223247767
77,4620,714.8547120339182,192.3660611933908,6.863988842947867,26.7367670452865,1645194,0.8613044127135623,161.0296954702387
78,4680,709.2681015432099,195.18497394836805,6.862171795852999,26.632087817953927,1654876,0.8608928309022783,161.58476886365432
79,4740,841.8337833370622,200.701730685499,7.085701661204944,29.014372013487765,1696268,0.8418762238663569,187.82306905812368
80,4800,595.074496077162,186.5374880565113,6.783890312082797,24.39414880821141,1608907,0.8785754004246511,138.2062365013401
81,4860,639.588260283628,188.18727321520083,6.9300838420177655,25.290082251420774,1659346,0.8710927259363545,147.98341235725582
82,4920,669.6511143580119,176.11039278240438,6.764030802286573,25.877618019400703,1670632,0.8729281258778563,145.56968707401248
83,4980,600.2392569935163,177.07064776238215,6.628115247415758,24.499780753988723,1686443,0.8818473705086052,133.98308306260563
84,5040,666.824354741498,194.73478285000652,6.926159824404615,25.822942410606466,1653090,0.8655899754843814,155.2814014977509
85,5100,579.836135512439,174.58473415699592,6.691990709703496,24.079786866009403,1720605,0.884504724221246,130.5762113146888
86,5160,677.3474141362494,192.2610926641948,6.931410042893349,26.025898911204767,1688201,0.8649054145358706,156.19579111621644
87,5220,636.270495261562,180.53135517990566,6.804219724074999,25.22440277313939,1649608,0.8752193129433306,142.5707650771971
88,5280,648.6586687923431,197.39775388447322,6.99071198038674,25.468778313698973,1649726,0.8663606779000088,154.25367922274881
89,5340,693.0083087598591,197.67005750370612,7.1181375276405126,26.325050973547214,1638536,0.8601438447890812,162.59624021981273
90,5400,574.747589239257,180.78053384624994,6.7659155187739355,23.97389391065325,1643835,0.8829921147446242,132.5129446815234
91,5460,634.3750876964983,188.04477646529105,6.899493801110962,25.18680384043395,1601093,0.8724556276674239,146.19009642195283
92,5520,738.7418701362034,205.58250533105243,7.280234138048378,27.179806293206052,1586030,0.8512230172955906,174.78026284708184
93,5580,647.4067962171575,191.12131934948204,7.144075900361889,25.444189832202508,1509705,0.8686985070155621,151.14736807310499
94,5640,599.3936944907813,245.72845806684015,7.7688832808295025,24.482518140313534,1462796,0.8508792028871898,175.254955823125
95,5700,484.4146953101219,243.2707009548611,7.90954069902035,22.0094228754441,1620925,0.8640451651350749,157.34690772058366
96,5760,956.4568511173568,193.29856553818968,7.178977912628865,30.926636595617,1534176,0.8325926428227073,201.06754319824145
97,5820,675.6435459790218,207.27707790746686,7.0989780906822135,25.993144211099622,1599122,0.8592344521472512,163.82670352774105
98,5880,592.3952365414466,190.80006617199817,6.98001850775577,24.339170826908763,1714901,0.8751058559359636,142.71889876734596
99,5940,559.5282276082345,178.87788736672925,6.697163050009223,23.6543490210201,1710948,0.8855516391318452,129.23962399341815
100,6000,585.7163177833452,182.22368815084272,6.710378126738405,24.201576762338135,1697501,0.8811107713000618,134.93108082712402
101,6060,621.1521963521275,184.14799696044443,6.725738931427114,24.922925116288567,1687209,0.8760526431621988,141.48391401503108
102,6120,656.6269082166835,191.15747395831457,6.7503506094080405,25.62473235404974,1637874,0.8694981577691414,150.08869319020206
103,6180,484.49579730834967,193.54194335440067,6.5808716247239465,22.011265236427224,1549609,0.8920984348682283,120.95253271877992
104,6240,551.2502981792262,173.75286783839917,6.652795377650439,23.478720113737594,1617530,0.8894729817304768,124.26124293791584
105,6300,461.6518886332747,205.91828992737192,7.68892458721012,21.486085930975765,1811419,0.8804520694266342,135.78016876173334
106,6360,473.5546574141703,219.81604274111046,8.414256990748171,21.761311022412468,1931990,0.8676124730120183,152.5883169111008
107,6420,478.4274956658154,216.6028689235688,8.437875866876812,21.872985522461615,1943145,0.8678466504212528,152.27730557535713
108,6480,499.1485592636109,220.3633159690386,8.861857887757152,22.341632869233415,2064779,0.8596999106759275,163.196584740556
109,6540,500.4169069063813,222.511488713394,8.861091729135078,22.370000154367037,2051144,0.8588855096750461,164.29953554385114
110,6600,299.3580430723956,167.2595083757931,10.618461649006655,17.301966451025027,3535097,0.8820454344293305,133.72844636623995
111,6660,371.83452610665296,103.74637152730686,6.975820277039235,19.28301133398653,1953059,0.9332756212700577,71.49482661846427
112,6720,328.9895076374899,214.5144139105891,9.481426246786484,18.138067913575853,2598803,0.8765701575911462,140.80999830982668
113,6780,433.8791444477927,191.68678276810692,8.666366144828872,20.829765827963424,2118972,0.8795750255520166,136.9126804986366
114,6840,344.7242806836118,189.84356011171596,7.986282981190028,18.566752023001,2019658,0.8986341964203504,112.7998511334574
115,6900,320.64022074355034,182.43645615045995,7.607633824029796,17.906429592287523,1937953,0.908292368575744,100.9670835042454
116,6960,767.2433405056125,206.63554904483743,7.332159441716129,27.69915775805489,1608883,0.8470170494205232,180.61377947957274
117,7020,990.244099308154,226.8996419269655,7.699248913368629,31.468144198667865,1611329,0.8126041794866508,230.61144065457975
118,7080,988.909330462843,229.26696397531302,7.62918293995062,31.446928792218216,1563130,0.8128038155977045,230.3091850825511
119,7140,683.7442019512494,213.0868499423262,7.418681236692719,26.148502862520626,1669236,0.8532932076679303,171.93010680704086
120,7200,541.126088160026,184.2518250868009,6.758359117933469,23.262117018019364,1643548,0.8860395355113719,128.61780983944078
121,7260,455.1662443822119,233.4881336788555,7.041522740625445,21.334625480242487,1558787,0.8783219081712823,138.53473390190007
122,7320,753.2899915362885,228.99086914028476,7.267790334483285,27.44612889892286,1576132,0.8414144680527951,188.4749287877165
123,7380,672.103234707631,213.23841796874524,6.986316412761799,25.92495389981689,1587004,0.8584697067407246,164.863468271479
124,7440,672.5421416979366,217.37953667531772,7.071666076732143,25.933417470474975,1570125,0.8564473874618386,167.61404686351247
125,7500,658.6629714245267,207.5037163610564,6.902569376939101,25.66443008181804,1590757,0.8626951469280292,159.1580218816573
126,7560,642.4191592316616,214.0927105002887,7.032082992665474,25.345989016640516,1609974,0.8611906264163528,161.18309852171816
127,7620,769.9832296566008,222.83543835851876,7.1870055809455735,27.748571668765237,1599388,0.8421081204029802,187.49597085165573
128,7680,695.8207701293754,210.60328992602967,7.007344058832997,26.37841485247693,1674100,0.8557675056790454,168.541681430761
129,7740,672.5528318272333,196.6103580591837,7.006330371912195,25.933623576878595,1726096,0.8630767279374241,158.6455382591469
130,7800,643.790927587999,193.82689778640074,6.809038970471942,25.373035442926394,1683514,0.8692947725791518,150.35777453607906
131,7860,741.246767954207,194.3934179687312,6.861572765281069,27.22584742398677,1692274,0.8571775424065481,166.61945807921444
132,7920,842.3292466133779,221.1893120512033,7.251934771121783,29.022908996401064,1643546,0.8337317539523584,199.42654847849604
133,7980,696.3519576460048,205.0038090323449,7.055439590160644,26.38848153354044,1676005,0.8573202309696419,166.42529112952943
134,8040,776.5464562254998,219.7759277313127,7.220177679429988,27.86658314586666,1672875,0.8416243664988332,188.17852691220335
135,8100,757.9424113547948,219.45385633678666,7.150799716258549,27.530753919113707,1654326,0.8445202320285226,184.10425478856536
136,8160,694.907894789518,214.0165342830659,7.069005562203374,26.361105720161245,1661878,0.8543018856433359,170.54640380074252
137,8220,729.7026314097641,212.1603786892256,7.04303673463413,27.01300855902141,1612481,0.851485529251468,174.41807951697015
138,8280,708.3573043720562,211.36168726023803,7.122588139309496,26.614982704710823,1700289,0.8529704465171661,172.37356122147298
139,8340,710.5486332273082,213.04466688325553,7.07569053254979,26.65611811999842,1666115,0.8527337068622401,172.69904068838554
140,8400,727.397385787846,211.95490993485512,7.097597575768104,26.970305630226846,1672673,0.8509481768376792,175.15969505479399
141,8460,726.938843971064,214.8743576371888,7.14529332257745,26.961803425792272,1646206,0.8498191300608103,176.72098053199062
142,8520,751.4945762841073,217.28818033811672,7.155715529777382,27.41340139939054,1646531,0.8460521036101624,181.96030212906675
143,8580,716.4605726487856,210.21202582159043,7.07593196549763,26.766781140973706,1640824,0.8532468183765558,171.99382225962069
144,8640,757.2603878789782,217.93333658851228,7.216040708156225,27.518364556764237,1669193,0.8445370662380928,184.08065196522583
145,8700,717.8944222877393,211.41582356728338,7.098625472187942,26.79355187890809,1627206,0.8525913643000955,172.89482614090787
146,8760,758.1007485746403,211.93049262150893,7.154678468740567,27.533629411587576,1645400,0.8472129071814762,180.34084646658505
147,8820,734.1305893084444,210.61065212600022,7.055677201795691,27.094844330766037,1645095,0.8511738174705367,174.84816787684488
148,8880,738.1432068354183,214.32821397561904,7.121943777131872,27.16879104478921,1629250,0.8490242073415173,177.8227185432337
149,8940,747.5761367852847,210.9323003471798,7.0649432163982935,27.341838577266245,1634886,0.8495221420478394,177.13235536088797
150,9000,727.1088672726053,208.25504665795648,6.977941870211453,26.96495628167428,1622947,0.853572456273057,171.5467066103419
151,9060,754.3139341822306,212.98518554653464,7.085051177575955,27.46477624489649,1632591,0.8478894225666618,179.39907420106914
152,9120,736.1449602188665,210.43358506852132,7.098080047055022,27.13199145324328,1630116,0.8508069603710396,175.35474740815096
153,9180,717.2115286890563,207.8817317689496,7.046157772854131,26.780805228541137,1612000,0.8544334190427071,170.36620725858694
154,9240,746.8254966942634,212.39167100506066,7.20418398896222,27.328108179935604,1677436,0.8477235165746971,179.62989164272528
155,9300,710.5866837488232,208.0627766886099,7.008541764252712,26.656831840052245,1628812,0.8552879516121953,169.19687470754886
156,9360,739.4134756820104,215.38143446157483,7.169580598033436,27.192158349090466,1649181,0.8479941818484242,179.25337390905145
157,9420,707.3592966120921,206.0916558154023,7.03447540601421,26.596227112357347,1612484,0.8562997048955805,167.81542056229333
158,9480,745.1742031351724,214.96277994784128,7.223263146320004,27.29787909591462,1681832,0.8468249758760849,180.881561701044
159,9540,743.9885563375921,211.60170355855684,7.13521398021153,27.27615362065539,1639776,0.8491372984699913,177.66585192034194
160,9600,754.5846515440188,214.68879340275896,7.131432710803601,27.46970424930015,1631980,0.8469145420755265,180.7566765228853
161,9660,700.1673577566254,209.22030381838493,7.1016849096814205,26.46067568594244,1650408,0.8552344718693798,169.2699872284033
162,9720,718.9493668428765,211.7008376736064,7.100202532079784,26.81323118989721,1645890,0.852209295963953,173.42066642077359
163,9780,682.6030406322291,205.9267415353269,7.009977788076806,26.12667297288786,1606307,0.8594949139582,163.4740168440755
164,9840,701.9363112272991,211.2754633215905,7.112733842442053,26.494080682811003,1654749,0.8541820506687767,170.71062218768935
165,9900,692.0194192626374,208.10567490603125,7.1007449227972,26.30626197814196,1669562,0.8564427801569341,167.62032814003123
166,9960,671.4045978071002,205.51748372089614,7.00614096258623,25.91147617962165,1626152,0.860837942367839,161.6588335423262
167,10020,692.44413457844,205.8283615414466,7.005595001048199,26.3143332535415,1626236,0.8582468998926307,165.1658749074457
168,10080,681.0852202648587,210.2017068136132,7.0709949050715375,26.09760947414262,1664930,0.8572444991699102,166.52833697775054
169,10140,676.1888490728684,212.77056857638422,7.036283921350834,26.003631459334066,1619326,0.8575273023560014,166.14362860816675
170,10200,683.0095253553875,208.61400498199345,6.981746523553137,26.134450928905842,1615869,0.8586278650222446,164.64890173823187
171,10260,698.5341836679235,208.40265190700944,7.039087021994486,26.429797268763213,1622342,0.85640067741141,167.67773120245405
172,10320,471.8155214016278,192.3076181451292,7.408460762191864,21.72131490959117,1778772,0.8862687986943905,128.3258549473399
173,10380,516.429906402389,236.49037397368636,10.904015602336386,22.725094200077343,3199877,0.8276835711846187,208.19119143413002
174,10440,642.3910025993442,192.97418836801313,6.8399625125286825,25.3454335650299,1657289,0.8697418822430896,149.76640819109568
175,10500,675.1593129596287,191.0144943542057,6.904998201576491,25.983827911984573,1701578,0.8656977605765985,155.13756132850497
176,10560,647.0401723071899,187.8098003469915,6.617562737554978,25.436984339877828,1612443,0.8730182240766464,145.451460715676
177,10620,665.9116491899268,191.8952776432696,6.823203359929329,25.80526398217865,1631546,0.8676390288157854,152.55303967235105
178,10680,617.6894471761022,187.32740776381198,6.694965856967429,24.853358871108394,1631284,0.8760125201268992,141.53619614379477
179,10740,610.0428654465665,185.98668282289748,6.656003391347213,24.699045840812687,1648887,0.8775712449113604,139.5086220048215
180,10800,629.5003833749452,185.6348958331026,6.679806676868105,25.089846220631667,1657801,0.8750848212496023,142.7463666573733
181,10860,742.6922352664097,200.0808418918138,7.027261946148224,27.25238035963849,1574996,0.8546837667988205,170.02339209676916
182,10920,760.0103286377224,198.5743586026403,7.144351894002484,27.56828483307807,1686038,0.8514914603340846,174.40989908183894
183,10980,642.348766053234,187.93503356297705,6.703292941627917,25.344600333270872,1652215,0.8725889409946305,146.01498256457225
184,11040,726.2099902614827,195.22630967880897,6.94309025754584,26.948283623664842,1647250,0.8583675409360838,165.00211425686064
185,11100,718.7909159405918,194.36262586805083,6.893421192098269,26.81027631227608,1660261,0.8598014765114842,163.05917972756959
186,11160,710.5135332139336,197.1003645818075,6.915897065565363,26.65545972617868,1697435,0.8593353161237408,163.69010005403297
187,11220,713.0641733296419,195.29385091119343,6.869329741834602,26.703261473641042,1669556,0.860243286571488,162.46184725894744
188,11280,696.4299051937481,192.79919378186327,6.87284697319176,26.389958415915476,1709299,0.8627353214313809,159.1040440315816
189,11340,708.4629318491573,194.19709845761435,6.849910836145198,26.61696699192373,1683422,0.8612043332338605,161.16461728072784
190,11400,710.3356130016749,194.02937064794847,6.848609506060191,26.652122110662688,1660028,0.8612385468912689,161.11848872720012
191,11460,711.2331287326343,195.09327799469628,6.832987980907969,26.668954398938,1657793,0.860889822635436,161.58882786964188
192,11520,701.2806210325971,195.74080186630883,6.829132930876632,26.48170351455127,1687601,0.8616176239547192,160.60764334197654
193,11580,693.6898781439887,191.52573242186446,6.740072262654922,26.33799305459679,1679018,0.8647316578281241,156.42811379384253
194,11640,677.0413977750038,192.34190972220333,6.752046798653921,26.020019173225137,1656657,0.8664913505844343,154.07961005671476
195,11700,747.8947915051671,200.24891384545674,6.981415309518335,27.347665192940458,1681225,0.8535325568137742,171.60147204341786
196,11760,732.9122009518367,198.65745008668785,6.915845152706096,27.072351226885274,1669946,0.8563985652799719,167.6806110401203
197,11820,739.5173116029798,195.9675705289947,6.886392997407493,27.194067581054878,1685789,0.8566849584946696,167.290250732495
198,11880,719.7331585015004,195.03311406599917,6.882934940926227,26.82784297146344,1694623,0.8592622669743522,163.78902976993948
199,11940,688.7641058036473,192.4434830726858,6.751354103889479,26.244315685566033,1667701,0.8649903134420545,156.08231035640355
200,12000,662.5084513906784,186.69544048823136,6.784537516887617,25.739239526269582,1651653,0.870018240124828,149.4011894009516
201,12060,713.6813937191326,194.79816622840036,6.881507862558389,26.71481599635552,1660850,0.8603252169154212,162.35114389110169
202,12120,721.4236879340089,195.35721354162422,6.917816667990465,26.859331487101628,1694668,0.8586917388564306,164.56226926295787
203,12180,735.7377917249703,194.26908094617937,6.883545311663967,27.124486939386895,1657463,0.8579669696787676,165.54603538456863
204,12240,710.9745966827379,193.08066080630155,6.85074725264735,26.664106898276902,1690056,0.8612491910778417,161.10413845325476
205,12300,705.8327268875959,192.17532117975975,6.796595222253365,26.56751262138772,1685202,0.8626105649870999,159.27168132348893
206,12360,702.59140541896,192.43931740485178,6.844041337363738,26.506440828956272,1643711,0.8628694183309081,158.92390987080117
207,12420,702.5942058846636,190.66274196920406,6.752556241137642,26.50649365503977,1652977,0.8641056096917832,157.2659508097498
208,12480,682.5916240874822,190.91740451218874,6.774079049082034,26.1264544875014,1671975,0.8660572317024392,154.6581027148342
209,12540,676.6730390251961,190.6523426631399,6.778498567440816,26.01293983818815,1645986,0.8670219039421035,153.3733985880664
210,12600,688.7300652328494,189.8930805105409,6.762970727032888,26.24366714529144,1640437,0.8660270102187898,154.69839647075645
211,12660,684.7688897980572,193.60922847956795,6.784676866159913,26.16808915068231,1654128,0.8649066117450928,156.19419070266312
212,12720,725.4546663369073,196.8644433593739,6.9262783349251045,26.934265654309332,1664637,0.8578621399845894,165.68846367082241
213,12780,724.0058314491507,194.10776041478297,6.8897629796739865,26.907356455979667,1666197,0.8592670003498912,163.78261889820357
214,12840,713.2949373830111,195.08417534629913,6.854516651252799,26.707582020523894,1654347,0.8605200512804017,162.08797053835139
215,12900,723.0395310500805,195.55260850664308,6.88279154516296,26.889394397235513,1680672,0.8588045704564946,164.40926655578164
216,12960,713.188971968738,192.59526149955914,6.92088314467735,26.70559813913064,1671890,0.8607854480071833,161.72967644273533
217,13020,625.5799197546768,181.89230143214922,6.732792655938926,25.011595705885636,1648251,0.8765692263716944,140.81121024429717
218,13080,659.5641760621203,190.24942473958336,6.884364040498806,25.681981544696278,1706607,0.8679361441975502,152.158493093463
219,13140,702.8085548796431,194.46377276238226,6.966852086676737,26.510536676567735,1694702,0.8608143015789722,161.69073651044437
220,13200,667.7917799237464,190.62875866525437,6.760252386419311,25.841667514379687,1656642,0.8681351530907726,151.89437547800756
221,13260,680.9158214064129,193.76326063206886,6.856151558309288,26.094363786197448,1691586,0.8644824359934822,156.76150071317304
222,13320,687.2165225779171,195.65442708329087,6.8572511181010904,26.214814944567454,1702628,0.8629733808898736,158.78429409818924
223,13380,692.4045841986763,195.44239691840164,6.877428983771463,26.313581744009618,1677374,0.8624866041798737,159.43829753841322
224,13440,681.1152875871023,193.7886816329003,6.868669663105895,26.098185522888414,1673583,0.8644982253111371,156.7403734577884
225,13500,697.399601005479,192.21523003471748,6.895637297719416,26.408324464181348,1720372,0.8625727938756265,159.32244455206992
226,13560,703.9584589419848,194.3012055119538,6.8840832750721805,26.532215492528792,1672851,0.8615230761796208,160.73501412689714
227,13620,700.660453712462,195.47504882812387,6.862520100816311,26.469991569935605,1672549,0.8616549066833713,160.55742530282578
228,13680,702.7625721850915,195.42152235191134,6.901919008524536,26.509669409200324,1685435,0.8610343660516424,161.3938298253973
229,13740,686.481850474406,194.78596459390036,6.861579504357264,26.200798661002796,1705363,0.8633145174387533,158.3264034140879
230,13800,699.0905190462842,194.07660589700868,6.853851795335296,26.44031994977149,1652086,0.8625599231723222,159.33974340263896
231,13860,718.878383125728,195.66329752598392,6.916308932740725,26.811907487639292,1662568,0.8591418569836636,163.95213650848203
232,13920,711.8022062076885,195.59414605031776,6.893228914541878,26.67962155293228,1665335,0.8601395804022416,162.60200412164863
233,13980,731.2986000633665,197.57423936631827,6.908222431164397,27.042533166539087,1652629,0.8571618928485447,166.64075753154592
234,14040,674.0036048041438,194.20906574502519,6.897780027981321,25.96157939733528,1684511,0.8648885876610699,156.21828553006316
235,14100,348.71713017186306,403.95222334118955,16.79973260264438,18.67396932020247,6711246,0.7198677511063098,389.1440455044364
236,14160,552.8754733651432,197.0778551790968,8.801363107487468,23.513304177957277,2160720,0.8607870961114069,161.72745213942602
237,14220,608.8758625155979,188.28856336725968,6.784154494629817,24.675410077962187,1631012,0.8760863637757447,141.43997823481018
238,14280,696.0335041789822,190.14940297760674,6.95705711153717,26.3824468952177,1730602,0.8629300657553658,158.84245975906524
239,14340,705.0230533324053,191.2484113981977,7.098884951335177,26.552270210518824,1767076,0.8601486546813331,162.58973906141713
240,14400,736.5689949652779,193.70521373593246,7.106882008503864,27.139804622828034,1708330,0.8560148071098317,168.2040914412526
241,14460,736.3745843636299,193.71635623641777,7.319485774371595,27.136222735738848,1787086,0.8538377946954279,171.18263704490803
242,14520,655.8227874537151,194.03590277760824,6.878248817423648,25.609037222311095,1642287,0.8675891878062907,152.61925120172555
243,14580,674.4792536856143,194.77483273285293,6.833134384922333,25.97073841240588,1637122,0.8654829918109075,155.42420759492182
244,14640,697.2226014961797,196.59701057085462,6.896099950004105,26.404973044791763,1672561,0.8614104556480304,160.886768256963
245,14700,669.6498267335952,197.12669475941124,6.877216301401913,25.877593140274758,1641163,0.8648623654319836,156.2533415366242
246,14760,686.0350820121189,194.5539355227989,6.955295687977537,26.19227141757887,1669128,0.8630384165565408,158.69697201884216
247,14820,737.0172553036056,196.1062944421544,7.046923787456809,27.148061722775083,1711036,0.8555347705594466,168.85956528229178
248,14880,734.3202294822222,198.9477495365802,7.141412926276228,27.098343666767203,1720337,0.8540637573635939,170.8727731134455
249,14940,717.849297620466,193.95264749467637,7.1873731151031635,26.79270978494833,1752882,0.857148517710942,166.65896205543234
250,15000,663.4351512330505,186.7072774946318,6.866169711015463,25.75723492988039,1743598,0.868576550436691,151.30900033766017
251,15060,687.8907327502168,189.11222326252192,6.921849979838723,26.227671127079063,1726957,0.864545139221666,156.67760378628876
252,15120,707.649917406996,192.94341685005358,6.971870634610009,26.60169012312932,1710649,0.8606255090456274,161.9455727136522
253,15180,706.0261323123402,195.58628146462982,6.873874016581164,26.571152257896912,1677461,0.8608649594350504,161.62237647151784
254,15240,700.4870867036597,193.49383353926933,6.967700024553968,26.4667165833554,1704417,0.8613477157673397,160.97132632335433
255,15300,707.5648538637504,195.9114062498822,6.922026456684217,26.600091237883948,1697019,0.8600590975695825,162.71079839266002
256,15360,683.0106841311971,192.76755859374538,6.923756916487901,26.134473098403898,1679513,0.8641814981065674,157.16432507640195
257,15420,653.5116932841534,184.0342023272467,6.81382489409561,25.563874770545905,1729652,0.8712069037661111,147.83296100746398
258,15480,604.4038741941052,185.1419639575911,6.898229856865809,24.584626785739605,1768682,0.8758232767075999,141.78285345327433
259,15540,660.7639811280038,196.21917968267755,7.04660326791633,25.705329819475256,1721920,0.8643508417094514,156.93761346060742
260,15600,613.8706853379133,192.65443683547858,6.903608756486566,24.77641389180269,1695274,0.872537073138781,146.08310728012515
261,15660,583.9791858209669,189.04765296427288,6.763932571315937,24.165661294923567,1647207,0.8789015408039296,137.78387404498335
262,15720,600.371484350586,184.27761163471243,6.767925139175148,24.502479147028897,1685399,0.8782446532015633,138.63488534155982
263,15780,554.5480215548292,172.54948129780615,6.660408555915888,23.54884331670728,1730188,0.8885444132682274,125.4361459792637
264,15840,647.1100028340609,195.57228186331741,6.927582378178868,25.438356920879556,1674789,0.867465884517058,152.78308674551207
265,15900,629.9495132199876,191.47310546738896,6.868454847632937,25.098795055141345,1684912,0.8713463937809738,147.6492094731332
266,15960,699.6358574087249,194.8317849252476,7.054378252673375,26.450630567317763,1686225,0.860472255715816,162.15251956974797
267,16020,631.8160892137313,184.11477537042015,6.688304400039287,25.135952124670577,1609742,0.8756583031033471,141.99796479515342
268,16080,565.0483704133164,181.48523217976415,6.814457712232098,23.770746105524672,1699705,0.8831530609331286,132.30655504201317
269,16140,592.9258668158626,182.76345268644644,6.7763472556055095,24.350069133697804,1699569,0.8795237082852712,136.979015551054
270,16200,725.2930166117055,192.45108723534474,7.082375729849829,26.931264667885642,1738406,0.8577098050758065,165.89549761718945
271,16260,698.2308976668735,194.2491740671216,7.089672195070452,26.424059068713753,1706542,0.860422349874995,162.2199262319061
272,16320,652.1930712059822,191.43972438195786,6.9869336016691035,25.53807101575963,1689959,0.8677638646409094,152.38723430113265
273,16380,685.6961394241711,196.38723631879904,6.999928223323817,26.18580033957662,1684768,0.8619739539418649,160.12786166789923
274,16440,666.4817777205468,196.01155381650113,6.890304981760201,25.81630836739728,1668202,0.865325134523481,155.63498632301022
275,16500,685.6878217110518,195.77686951073423,6.990060704048626,26.185641518035258,1689684,0.8622261592340883,159.78851869710795
276,16560,666.5792327151726,196.63526801195377,6.970526796299373,25.818195768007737,1694513,0.8642905332690187,157.0183422207407
277,16620,701.9243363867819,195.21643538829534,6.943205577046119,26.493854690980356,1661803,0.8610843069434442,161.32647167808597
278,16680,639.7561466291215,197.46745225686914,6.9734572250881985,25.293401246750534,1674036,0.8673425049691247,152.9470702414124
279,16740,659.843422578411,195.38901349371335,6.852794726012622,25.68741759263494,1668843,0.8666097032688761,153.92199767435324
280,16800,636.4861110662661,189.87127820049804,6.704916432372518,25.228676363738668,1638075,0.8727065435845494,145.8605499766351
281,16860,682.9011339561735,192.950654286249,6.90550257030618,26.13237712027311,1701845,0.8640896862824304,157.2872768592991
282,16920,693.4185802243444,196.59208320511706,6.922342288846059,26.33284223596732,1696767,0.8614740822812937,160.80102764307418
283,16980,683.9010312783877,195.44364257713482,6.802236656333463,26.151501510972324,1641124,0.8643297943583288,156.96578612379275
284,17040,682.7995887951839,195.12374565960448,6.863056722123472,26.130434148616512,1681045,0.8638087428255771,157.66367069744175
285,17100,723.3843046727309,200.22015190960448,7.034152625647274,26.895804592403085,1692332,0.8558937599889715,168.36930790672585
286,17160,740.9914676027828,199.92131944406296,7.120918880205447,27.22115845445933,1669751,0.8534977964060669,171.64918786062339
287,17220,663.6455175724724,189.58351233036248,6.776229150295992,25.76131824213335,1616056,0.8691990235985805,150.48449532293415
288,17280,645.1541534505019,193.6276475185064,6.807757430058497,25.39988491018221,1635072,0.8695913559226299,149.9654328313872
289,17340,714.2687385321299,195.06554687483043,7.027827798669124,26.72580660208649,1655341,0.8591194448946917,163.98250085304144
290,17400,661.4634525502099,195.05662865560907,6.851282098260877,25.718931792557207,1652864,0.866671141201616,153.84019665582395
291,17460,696.2895478735607,197.50552625650369,6.928068870211195,26.387298987838083,1676143,0.8609322213973276,161.5316225207134
292,17520,665.4548160237442,196.8997319878461,6.793861062443996,25.796410913608586,1631403,0.866136458412311,154.55248452775012
293,17580,702.154886599928,198.42887261242234,6.863226348689568,26.498205346776373,1626952,0.8607843511106963,161.7311568334967
294,17640,655.6469669153238,194.29900607486303,6.8200117994872596,25.60560420914382,1629966,0.8680456363530298,152.01316396377234
295,17700,682.8758776966191,195.4858376598783,6.8462698716695245,26.131893878871832,1646289,0.8640685219708759,157.31562320899565
296,17760,627.1497408857829,192.48226669658968,6.73504867915349,25.042957910074897,1615840,0.8728589575480332,145.66046593497924
297,17820,331.73420106298664,391.01586878479395,12.950097559620849,18.21357189194329,3518997,0.780574607911493,281.10751985079554
298,17880,454.07313819035653,194.5300311785274,8.639481239036716,21.30899195622253,2290580,0.8746930261058969,143.2582290634754
299,17940,553.2235475198204,230.5902159264353,8.65839925972056,23.520704656107146,2231090,0.849360664335402,177.35614797097827
300,18000,645.0250709411196,185.01952685680627,6.889771138450562,25.397343777275598,1709161,0.8714714241188579,147.48455580295925
301,18060,737.2492520836298,198.24859483464436,7.091093913288162,27.152334192176365,1677661,0.8546819650878108,170.02585856279194
302,18120,638.2696708321276,184.74156466843874,6.720739513127878,25.263999501902457,1617884,0.8743528359954317,143.7030439336561
303,18180,638.1789535467348,182.38008789036013,6.675616535143173,25.262204051640758,1640467,0.8753593212090343,142.3880180070668
304,18240,695.704063138579,198.84356328599725,7.036232813018586,26.37620259132423,1673621,0.8597433413214179,163.13782490366114
305,18300,674.2203375404251,201.5921776305199,7.1467482182555075,25.96575316720902,1692898,0.860329946225431,162.34475434378456
306,18360,688.7459996884556,194.08478404710445,7.003619543351268,26.24397073021641,1709994,0.8622063647454843,159.81514506123042
307,18420,694.4218677007875,194.3221961802542,6.9098855627383635,26.351885467662225,1666356,0.8624927165860317,159.43008070637117
308,18480,655.798756014241,187.3190820148563,6.8472184917665,25.608568019595335,1701396,0.8697418757647206,149.76641675525846
309,18540,599.1635399965592,180.1435697638618,6.747654675885544,24.477817304583333,1706495,0.8798447153700102,136.5641942617791
310,18600,622.2356445108861,178.6837900423109,6.817022486274488,24.944651621357355,1667188,0.8773397295369997,139.80931939299282
311,18660,691.7798287892648,189.5548750864559,7.09791576818197,26.30170771621616,1752386,0.8624245187258961,159.52176484656445
312,18720,605.96419541591,183.12992509737245,6.77645605604104,24.616340008537215,1694972,0.8778281326212392,139.17515609114676
313,18780,606.0731498505381,179.77140621597394,6.805720105542944,24.61855296012619,1722884,0.8785703657112052,138.21275907763768
314,18840,679.1983136504833,189.30779837327063,7.178059967745239,26.061433453486078,1783238,0.8631585924825109,158.5356488474761
315,18900,568.6001561925146,183.81959415893073,6.92285579237262,23.845338248649664,1718508,0.8809292146785367,135.16498640008652
316,18960,613.0262683783636,189.96375322392657,6.922761982593825,24.759367285501533,1691205,0.873484565416831,144.83992000796866
317,19020,636.4596453865712,191.36479922442845,6.967623576527282,25.228151842467003,1671167,0.8699708051603278,149.46386024495274
318,19080,719.2938843781457,203.03841025345298,7.2706665004673665,26.81965481467175,1728305,0.8533314554458601,171.8775788916706
319,19140,689.2552782730656,197.40803602413607,7.080989064431965,26.25367171031636,1717034,0.8603378891732887,162.33402316026636
320,19200,669.6654647816553,194.44412307738804,7.070637366934015,25.877895292733047,1721488,0.8637469089079999,157.74654552947618
321,19260,616.9851491590418,183.06100360903218,6.902300664345908,24.839185758777237,1732154,0.8752821680267157,142.48871567263285
322,19320,665.7583213900339,192.14315428624917,6.987396950419885,25.80229294830275,1720178,0.8656555359984809,155.19390613792007
323,19380,679.6464114104081,193.67121093033685,6.993787878837382,26.070028987525273,1702294,0.863559780592086,157.9974223838515
324,19440,680.3412598616695,193.9987109199759,7.145197486927505,26.08335215921584,1783700,0.8615992491761733,160.63239488214504
325,19500,712.0872402495917,196.9384147010508,7.077535021797016,26.684962811471028,1715643,0.8578670554989619,165.6817843626938
326,19560,710.8412426496141,196.36938910284047,7.034054266015625,26.661606152848595,1688229,0.8587519586958587,164.48060452595323
327,19620,627.5362763385057,186.66029510798987,6.796356086009543,25.050674169341345,1708150,0.8736987869999524,144.55921752361832
328,19680,654.3298694226252,192.98070093557095,7.001277553863007,25.57987234961553,1719935,0.8666198766323228,153.9084516339404
329,19740,678.2215482810506,194.62482403037004,6.938415688977344,26.042687040339185,1701712,0.8638052958270255,157.66829033223144
330,19800,711.7068351128473,193.57220700404787,7.168039945764065,26.677834153335,1766072,0.8580385989694118,165.44873529127673
331,19860,690.8944375728606,196.59143337455907,7.17690681105951,26.284870887506003,1761968,0.8593705139526486,163.642437998635
332,19920,689.8620010333592,197.02121961725953,7.009300499396857,26.265224176339313,1727307,0.8608550851497551,161.63570065458714
333,19980,672.338064511352,190.7268706506046,6.851079516491954,25.929482534585066,1672754,0.8667603684383549,153.7214164529735
334,20040,704.1652824168723,193.57306857486307,7.135370599923229,26.53611279778695,1748667,0.8592977921319939,163.74091631134243
335,20100,684.0522546822713,195.21469617975967,7.014903467005069,26.15439264602165,1704950,0.8623143768187809,159.6698685335202
336,20160,714.2985589599609,204.78390949319794,7.328670398745191,26.726364492013516,1750140,0.8526914587638282,172.75714412541353
337,20220,680.0469150439177,194.34859591934304,7.090145516198054,26.077709160198825,1729722,0.8623418961993639,159.63286071028506
338,20280,626.4549365329872,186.58734154583496,6.767722500320546,25.029081815619747,1694879,0.8741722166754757,143.93935305225568
339,20340,692.6860197339929,196.04309895584194,7.1017235264436955,26.318928924521092,1728256,0.8601768452661211,162.55163749568314
340,20400,674.7648084620145,190.21865450258142,6.9738761687896655,25.976235455931917,1708547,0.8654611060994313,155.4534258701994
341,20460,633.6416845378687,189.41946505638288,6.808194622856767,25.172240355952997,1677048,0.8721378519168658,146.6077269804388
342,20520,614.1042425125863,188.97698557531564,6.847610421058437,24.781126740174393,1700933,0.8741846043076451,143.92314286065562
343,20580,672.2551297899306,190.47407226033977,7.0179821150569515,25.927883249311552,1711253,0.8653193862176719,155.64266319170278
344,20640,661.3624565248795,192.04661024258453,6.8710929965996685,25.716968260758875,1687201,0.8673348131441212,152.95729497466212
345,20700,642.4612354016892,191.53389973788322,6.835092604644282,25.346819039115918,1701786,0.8699315032634958,149.51579089682355
346,20760,663.7217592688655,189.69113604750342,7.088189519179746,25.762797970501293,1767018,0.8656524788631123,155.19798581681465
347,20820,640.4899179263222,189.09421656989582,6.893627576596844,25.307902282218535,1688747,0.8707022273243631,148.49826797039944
348,20880,685.1006419357005,200.33070962964757,7.317009747734755,26.1744272513402,1794028,0.8574348039635074,166.26942990590368
349,20940,606.956254826269,184.21592073109824,6.8075900067997726,24.636482192599434,1706231,0.877002059111037,140.2481779958857
350,21000,604.2625506996708,184.04769413968188,6.850627819455787,24.581752392774415,1718605,0.8769749986197881,140.28336220967833
351,21060,560.42836287415,178.56791558086132,6.748273853114193,23.673368219882654,1671568,0.8854784952875515,129.3329034210578
352,21120,535.6749590300938,179.32872715603744,6.725635253680635,23.144652925245904,1712195,0.888182557566977,125.8946614976629
353,21180,587.9085789736416,184.35468531761177,6.739539976910746,24.246826162894838,1666961,0.880106935159188,136.22556538442285
354,21240,206.204658931021,138.2593760842112,6.160972472552489,14.359827956177643,1682563,0.9552234362454882,50.0
355,21300,167.86675613478553,134.17081270302546,6.706757557107872,12.956340383564548,1961737,0.9574327234371901,50.0
356,21360,144.5985016273028,131.31439117358062,6.378967752258952,12.024911709750837,1832613,0.9664334662952114,50.0
357,21420,342.1619832822259,155.5743804252895,6.026744861971691,18.497621016828784,1327510,0.9311415370345715,73.95058670105482
358,21480,349.0284961978192,162.42886501736112,6.096132356567528,18.682304359950333,1302702,0.9273818952011844,78.30442364098768
359,21540,343.21016480972753,162.38378146701268,6.096506504582699,18.52593222511967,1307358,0.9282116166291173,77.34053537445322
360,21600,266.20031952038045,160.86549370658662,5.86884982407509,16.31564646345282,1281593,0.9424514904456573,61.062569413657215
361,21660,219.0870638379509,158.70947808159613,5.756372168270337,14.801589909126347,1298355,0.9517423048974699,50.70458132858645
362,21720,200.22076618893465,156.15013129330734,5.690461338186511,14.149938734458699,1287090,0.956527973010471,50.0
363,21780,198.5901996044006,152.74739800335428,5.651961054876969,14.092203504221779,1282396,0.9583483254245866,50.0
364,21840,198.85146776537363,156.64970486110641,5.717594566825647,14.101470411463254,1304673,0.9562552591900026,50.0
365,21900,199.18344586028,155.26841688367935,5.705641066569939,14.1132365480169,1314468,0.9566980537653006,50.0
366,21960,201.66669824895024,159.3457747395788,5.784129317728904,14.20094004807253,1332482,0.9540860362482697,50.0
367,22020,197.48477207573663,155.22580945992183,5.709802194618132,14.052927526879822,1314630,0.9569841970255926,50.0
368,22080,198.0162844020513,156.19298828125,5.736520762135466,14.071825908603733,1344774,0.9561112721982599,50.0
369,22140,197.6006559832491,155.91406901041665,5.725232039082388,14.057050045555401,1329402,0.9564888703459522,50.0
370,22200,198.33958681473794,156.2139268662901,5.69327385122107,14.083308802079785,1336574,0.95643136262576,50.0
371,22260,197.06103945976423,157.19582573784604,5.7156325617686905,14.037843119929935,1372972,0.9558599178729578,50.0
372,22320,196.9668814308261,157.8309396701389,5.733125114310136,14.034488997851902,1326552,0.9558858292520446,50.0
373,22380,197.7486871041085,154.49964518228109,5.660239741180819,14.062314429143893,1302162,0.9576602874951561,50.0
374,22440,197.33693436623906,156.81496419270712,5.743677647053752,14.047666509646328,1351596,0.9559053376484893,50.0
375,22500,197.0970517039252,156.5116254340278,5.707555442664402,14.039125745712415,1328630,0.9565041037850903,50.0
376,22560,198.82556461701094,156.8077441406145,5.754934650396146,14.10055192597123,1330479,0.9557242508315056,50.0
377,22620,198.89672561984113,157.32970920138422,5.744217635974816,14.10307504127526,1314818,0.9557287541663628,50.0
378,22680,199.81023713208307,158.78560438367933,5.734885978632098,14.135424901009628,1338372,0.9549338538086038,50.0
379,22740,201.7303344327185,158.986796875,5.747089865877409,14.203180433716897,1332942,0.9544733554564536,50.0
380,22800,199.1658652075826,155.26028971353125,5.67835413080072,14.112613691573316,1338084,0.9567212472903901,50.0
381,22860,208.65957904202375,159.39310004339214,5.808904180039332,14.445053791593292,1301052,0.95289931640929,50.0
382,22920,206.369861479917,155.80650065104047,5.792232251251469,14.365579051326717,1329924,0.9544710755166758,50.0
383,22980,211.1807774655895,160.86857530380888,5.788205668043382,14.532060331060752,1322926,0.951917005812254,50.51175038806834
384,23040,216.52934773880634,161.9674240451389,5.888574116165531,14.714936212529306,1342492,0.9497001553891072,52.96392163933481
385,23100,216.7575449695998,161.17798611111112,5.879080361405906,14.722688102707325,1324792,0.9501501623762012,52.465220338573516
386,23160,212.75509099945728,160.75889756944446,5.857633618628413,14.586126661984576,1304808,0.9513086867049929,51.18350539156444
387,23220,214.91786227393928,162.28711697048496,5.847834279711276,14.660077157843995,1291232,0.9505701276285005,52.00023747308163
388,23280,219.14179809478009,162.71201822916208,5.942878540354204,14.803438725336086,1289536,0.9489979391349409,53.743068095121494
389,23340,214.69163231362123,162.8139832899294,5.881635252665454,14.652359274656803,1300454,0.950099227776358,52.52164275560071
390,23400,209.90225143002982,161.5533029513843,5.819583487108762,14.488003707551632,1315310,0.9517242231727095,50.72454357246073
391,23460,215.5140519964323,161.1665256076343,5.84731846132075,14.680396860999103,1347538,0.9504265112185556,52.159202417328956
392,23520,210.24182743831216,156.27119791666667,5.763522747141159,14.49971818478939,1317506,0.9539378942022111,50.0
393,23580,204.20980228105708,157.54898003472223,5.745531258587442,14.290199518588153,1301536,0.9548027331088017,50.0
394,23640,206.65224279144653,158.69479600694444,5.82120741403904,14.375404091414145,1313680,0.9533090088746332,50.0
395,23700,209.7669641010602,159.45817708332868,5.826658583160398,14.483334011927647,1305894,0.9525126773705382,50.0
396,23760,217.1812749439651,162.5193749999953,5.933739487223573,14.737071450731488,1323858,0.9492027560319541,53.51569371795609
397,23820,210.40884306051,156.85357313365105,5.787978830807342,14.505476312776151,1281914,0.9537998684835184,50.0
398,23880,213.5583957097078,162.88424153645718,5.902173847851628,14.61363731963086,1295420,0.9501580670330652,52.45646455707075
399,23940,226.83280476464148,164.81770290792835,5.929615863121064,15.060969582488422,1282804,0.947086693155015,55.86954945878893
400,24000,277.76633996489716,183.91570312495756,6.31677158791699,16.666323528747938,1223737,0.9295599973414636,75.77779041696552
401,24060,290.08218298056795,193.8207042100118,6.582395918682877,17.03179917039207,1247159,0.9219576489073414,84.64852066160576
402,24120,303.6426329188584,196.2295334201389,6.676346258900023,17.42534455667544,1239967,0.9183666405863171,88.88972639681829
403,24180,314.58151651829854,198.76544704859228,6.731040992992906,17.73644599457001,1246451,0.9153431395182865,92.4864751007644
404,24240,308.69939213001464,197.9249197048565,6.733601107330373,17.569843258549994,1257954,0.9164259720533651,91.19561262474593
405,24300,291.81084822054146,196.45563910590187,6.60435622559046,17.08247195872253,1235114,0.9206852422429745,86.14752807788985
406,24360,286.1970614573113,197.58161241319445,6.560717941640961,16.917359766148834,1213820,0.9216522166303438,85.00796933587795
407,24420,272.3116618076736,194.09609483506824,6.454978224640152,16.50186843383723,1205147,0.9259336679696298,79.99096975572931
408,24480,265.46198449593544,195.50987196180097,6.491210549933408,16.293004158102196,1224544,0.9261067051321454,79.78918029463007
409,24540,279.1119961148474,196.30650173610638,6.587094253725307,16.706645268121527,1235546,0.922852199038085,83.59713618532666
410,24600,255.40885733235194,193.35552625867933,6.398645948122586,15.981516114948292,1205816,0.9293313680894244,76.04244765337087
411,24660,247.97524798310823,190.1175878905673,6.386254780117451,15.747229851091532,1218868,0.9316871065515453,73.32171172927498
412,24720,236.5583402430109,178.4565256076389,6.178795973082811,15.380453187179203,1215614,0.9392849607600532,64.63963735863209
413,24780,251.52617170854734,194.55967230902306,6.362235092610241,15.859576656031754,1199130,0.9298609383433196,75.42962475834629
414,24840,248.61869181936288,189.55990885416668,6.533350208836713,15.767646996916277,1327580,0.9298346630055475,75.46001432948717
415,24900,243.6439059750403,193.7503407118008,6.433015484633868,15.609096898124513,1211988,0.930820353672828,74.3211577338239
416,24960,222.6402166736697,187.68473415797564,6.182587227896811,14.921133223507848,1185580,0.9385734460073458,65.44672050329177
417,25020,195.65876182588997,174.5540603298565,5.818880760614322,13.98780761327128,1201604,0.9505303116522306,52.04430383895937
418,25080,199.05706914915746,181.118949652773,5.955749654170645,14.108758597026085,1193478,0.9466414212288631,56.36619904279128
419,25140,202.90783655462863,184.5828342013889,5.993096732531875,14.244572178715254,1178922,0.9445654732419119,58.68786053319021
420,25200,200.71463445375116,179.54146158854056,5.915649222582668,14.1673792373096,1159432,0.9474708610299855,55.4414295262977
421,25260,203.96063716226143,180.33025607638888,5.997329024750829,14.281478815664064,1194020,0.9457384040197935,57.37484673306221
422,25320,198.1890426728885,173.26116536458332,5.885947621166267,14.07796301575226,1226286,0.9498449849468981,52.80336881065482
423,25380,205.73733027035615,181.30556857638888,5.966367001790406,14.343546641969557,1162244,0.9455580340230707,57.576546354637564
424,25440,207.4376233231711,188.3114019097176,6.090453267001141,14.402695002088015,1167322,0.9418125866911988,61.78236958291962
425,25500,200.59627464674847,187.7296896701389,6.033445585750358,14.163201426469527,1149156,0.9437930006222017,59.55437192344448
426,25560,195.40594021696407,189.14906249999544,6.0950599709430255,13.978767478464047,1207360,0.9433024229554936,60.105408048105346
427,25620,189.89396383938245,188.29171875,5.998159950683281,13.780201879485745,1135108,0.9458869133643858,57.208833181909256
428,25680,186.91556293436213,190.78611762152778,6.056815251555135,13.671706657705984,1172520,0.9448147762580611,58.40851046011365
429,25740,184.22738120580487,191.73323350694446,6.05503713144336,13.573038760933562,1161016,0.9450738615027208,58.118355331448456
430,25800,176.050557265782,189.17348849826263,6.174314195528962,13.268404473250806,1172798,0.946516923956326,56.505145011164934
431,25860,165.24459676129257,186.57952690971763,6.1556129492086,12.854749968836133,1222978,0.9492218035735058,53.49455336501023
432,25920,165.0713376510008,182.74141276041667,6.0876042447878715,12.84800909289065,1280602,0.9506692976857565,51.89049697337526
433,25980,162.13757213789856,178.58976128472221,5.745495500297523,12.733325258466406,1190528,0.9559501621900384,50.0
434,26040,155.87276489257346,169.8536686197905,5.699313343936011,12.484901477087172,1290556,0.959821995265006,50.0
435,26100,143.214724720584,150.07092990451278,5.3813087936336865,11.967235466914822,1380530,0.9710065080716281,50.0
436,26160,147.12890809996807,157.24893880207878,5.490842309037665,12.12967056848487,1343254,0.9671539747380529,50.0
437,26220,142.8404570538544,149.9249934895788,5.35525341259066,11.951588055729431,1366382,0.9714381470459383,50.0
438,26280,147.42668395812302,153.06329427083332,5.416020975376239,12.141939052644064,1335604,0.9691949793527325,50.0
439,26340,148.99137398893447,155.91720377604057,5.476240405107356,12.206202275439091,1375794,0.967108708173357,50.0
440,26400,151.53158217531842,154.33399522569445,5.44615688211417,12.309816496411244,1325886,0.9677823403596928,50.0
441,26460,149.09958016221793,158.1683691406239,5.52331840678834,12.21063389682198,1336728,0.9662456238579357,50.0
442,26520,161.17585773323785,177.78138237847222,5.743344992943864,12.69550541464332,1243474,0.9560227493753988,50.0
443,26580,160.35760810908084,173.78275390625,5.677476009988941,12.66323845266608,1231028,0.9581859237395606,50.0
444,26640,157.9106040689681,172.51170572914768,5.6887717245386975,12.566248607638164,1271164,0.9587122794537365,50.0
445,26700,155.698107441277,169.1888498263889,5.629285249862301,12.477904769682969,1294112,0.9605837247835008,50.0
446,26760,152.1599513955281,160.81326822916665,5.51853220971206,12.335313185952277,1296664,0.9650516056222592,50.0
447,26820,150.78968473589757,157.0718033853977,5.46641217534237,12.279645138842472,1314186,0.9668989395277751,50.0
448,26880,159.73848906792063,171.41960503472222,5.638923176143949,12.63876928612595,1277484,0.9590656981006583,50.0
449,26940,161.98768897569445,175.74118055555556,5.676487340377823,12.72743842945997,1231578,0.9571797356484786,50.0
450,27000,162.20106639969313,172.5723654513889,5.651329450218874,12.735818246178496,1269966,0.9581485578387124,50.0
451,27060,157.18105622072093,169.02799696180554,5.619013599034485,12.537186934106108,1284394,0.9605041032748245,50.0
452,27120,160.7846484033265,175.3691796875,5.648760958471212,12.680088659127211,1242910,0.9576603956352872,50.0
453,27180,153.40724066704172,166.6640234375,5.54028867264212,12.385767665633072,1276894,0.962723845053935,50.0
454,27240,158.06680854311233,173.3820746527778,5.651728729203421,12.572462310268117,1272186,0.9586399447373102,50.0
455,27300,156.73594128078884,165.77960069444444,5.58717596372336,12.519422561795286,1261246,0.9621612922344196,50.0
456,27360,157.55707342331362,168.18410698784615,5.653587466112249,12.552174051665856,1262608,0.9606447812497231,50.0
457,27420,151.41208321570878,163.83702473958334,5.505114171443748,12.304961731582459,1294748,0.9642407828652253,50.0
458,27480,152.55474063131075,170.19698350694443,5.635038272421867,12.351305219745432,1288196,0.9608461441430983,50.0
459,27540,155.23713777058916,169.79725911458334,5.6152198080935625,12.459419640199505,1303702,0.9604870616165982,50.0
460,27600,151.14645714864727,162.8635492621517,5.534191186823137,12.294163540015534,1318094,0.9642397280174233,50.0
461,27660,148.89273591549724,166.3848806423611,5.574076448442762,12.202161116601323,1295526,0.9633178679933614,50.0
462,27720,147.01323456186248,163.8293337673611,5.527016647946532,12.124901424830739,1299288,0.9649186720328113,50.0
463,27780,149.1377121124221,170.05985243055557,5.582471858582403,12.212195220861075,1281198,0.9620153334441005,50.0
464,27840,151.57446672862378,170.1541796875,5.637219762946985,12.311558257532788,1282664,0.9610817641256097,50.0
465,27900,146.64404769029855,165.40011284722223,5.554455074876712,12.109667530130567,1300638,0.964220861904314,50.0
466,27960,149.47702451620103,166.81830078125,5.601254279456036,12.226079687136062,1329966,0.9625761833341623,50.0
467,28020,142.62302905000288,152.16505859375,5.372620622871529,11.942488394384267,1333542,0.9708160036459781,50.0
468,28080,142.09684474498138,151.65316623263888,5.442024113381409,11.920438110446336,1399314,0.9700729450674902,50.0
469,28140,145.7078678775257,153.17653862847223,5.456776394009945,12.070951407305296,1415462,0.9685693643908082,50.0
470,28200,147.2783564347586,152.02071397569443,5.4652514917105,12.135829449805176,1357830,0.9690548201901623,50.0
471,28260,161.22481161069376,170.35826822916667,5.757458776532016,12.697433268605659,1320584,0.95793752778028,50.0
472,28320,165.8244455465518,177.94384765625,5.798478407209321,12.877284090465341,1285428,0.9543353470401729,50.0
473,28380,157.96083310043775,169.15778211805556,5.696047777627752,12.568247017799967,1290512,0.9596868048902525,50.0
474,28440,148.36553826648105,154.83912977430555,5.515035166724931,12.180539325763906,1374692,0.9673364417349338,50.0
475,28500,151.10566014014236,153.81809895833334,5.516309705130412,12.292504225752472,1397586,0.9669663835681455,50.0
476,28560,161.19151360871942,174.30146918402778,5.709063451292371,12.696121990935634,1234954,0.9575757437805434,50.0
477,28620,159.15858035389462,172.01701605902778,5.655391674923821,12.615806765874888,1241238,0.9591281787624069,50.0
478,28680,158.1182292548098,171.02153428819443,5.646117779307821,12.574507117768466,1303736,0.9592616410997853,50.0
479,28740,155.95021085610094,165.9114236111111,5.618666838577226,12.488002676813492,1295168,0.9617679370165194,50.0
480,28800,165.34267277902563,175.162578125,5.757573139301959,12.85856418030511,1249272,0.9560013960280455,50.0
481,28860,177.15399458131677,182.5928331163184,6.164638655336039,13.309920908154066,1330171,0.9474833859582512,55.42747748408838
482,28920,178.13432117786996,179.70683702256832,6.170977046630208,13.346697013788466,1369801,0.9479672107206049,54.888807008252954
483,28980,173.68731209835477,160.9351475694397,6.119309962425211,13.179048224297336,1478881,0.9549852817891049,50.0
484,29040,184.13341156676492,167.66125651041193,6.344884530009661,13.569576690772816,1515234,0.9487026372612529,54.07106581555844
485,29100,182.32790302357145,165.17229926212335,6.162234773242881,13.502884988904091,1451402,0.9517737376924875,50.66988129388174
486,29160,204.62622042947348,193.16208116317563,6.644258679617261,14.304762159136848,1390257,0.9347276932150568,69.83029095932193
487,29220,200.25248813021506,192.14324978295656,6.612193354100234,14.151059611570261,1375835,0.9362150641499595,68.13064464835794
488,29280,208.1803575574898,199.68941623263888,6.845640662211291,14.42845652027582,1451982,0.9298078521747245,75.49102501242952
489,29340,197.7003520188214,193.5070171440961,6.560478296548141,14.060595720623697,1359375,0.9366989925414556,67.57881449919769
490,29400,173.8846431582934,171.91013346353105,6.133819111675301,13.18653264350767,1442559,0.951231338710179,51.26898085164946
491,29460,170.21406701923874,164.3430121527778,6.159815292205804,13.046611323222546,1518080,0.9538215258233673,50.0
492,29520,210.29346060090128,195.3013769531144,6.913558376482292,14.501498563972666,1469187,0.9303560959611151,74.85725556184853
493,29580,199.35284789318388,193.91184787323445,6.6620037223802155,14.119236802787318,1410847,0.9351033229414547,69.40054159406337
494,29640,191.81831320753687,186.79517903642892,6.548375305703674,13.849848851432888,1456329,0.9394665247310852,64.43388207604531
495,29700,191.28762460937506,188.64699869791667,6.5915396390175465,13.830676939664778,1433998,0.9387603015436126,65.2346486698366
496,29760,192.24185127068864,171.9213726128366,6.582330129016174,13.865130770053653,1591888,0.943352169442331,60.04950472648695
497,29820,200.45905454126867,180.3754155815961,6.801126254475785,14.158356350271337,1579497,0.9373540573488133,66.83274282545148
498,29880,211.30950030092657,196.4008886717795,6.998559838310175,14.536488582217046,1510117,0.9288367429604164,76.61546292060963
499,29940,183.37880862449245,169.76006076388413,6.447518080955016,13.541743190021455,1594598,0.9467121736254525,56.287251668562355
500,30000,229.7551903722504,193.22853732637,7.263243645187012,15.157677604839417,1583826,0.9242524128139955,81.95552008934662
501,30060,230.74313862093697,200.54072482638426,7.339827411786908,15.190231684241587,1569370,0.9210359560075099,85.73394282540505
502,30120,216.48936427469133,195.28573350694444,7.038676255583547,14.713577548464933,1512346,0.9280179656989058,77.56534567397443
503,30180,227.28982193252648,200.44767144097221,7.241741858598883,15.076134183952014,1515900,0.9228012362958885,83.65697906299549
504,30240,226.4507111111112,198.43963107638433,7.186395581950935,15.048279340546253,1531180,0.923947152091292,82.31298482447568
505,30300,248.44256845369586,212.88177408854048,7.717624228104845,15.762061047137708,1587053,0.9107648684199918,97.97823200494611
506,30360,236.68598467090283,209.4638433159722,7.493063947328371,15.38460219410638,1531036,0.9160342100983164,91.66228616360482
507,30420,215.5183348173872,195.85988823781776,7.0497751620715805,14.680542728979306,1485116,0.9281135200524061,77.45440443916259
508,30480,202.04865575304254,188.50107313367943,6.8502230080762265,14.214382003908666,1536107,0.9341647597472166,70.47497731620525
509,30540,192.56173447483087,181.86628255208333,6.637906386097242,13.876661503215782,1549804,0.9396834694746057,64.1881362019898
510,30600,197.27732201808297,187.62689561631828,6.622865356201467,14.045544561108443,1418403,0.9379350032352897,66.17195919826521
511,30660,236.68158918488027,206.56934027777308,7.421671510659735,15.384459340024929,1545918,0.9174749872543824,89.94797012677192
512,30720,250.75061159394832,210.14464843748112,7.649326174315929,15.835106933454801,1617367,0.9116259555980413,96.94112355980906
513,30780,249.1009240265727,200.46587456597223,7.7364847973818485,15.782931414239012,1703470,0.9140088023041304,94.08136713683048
514,30840,254.20556495553,201.273334418345,7.910158725705001,15.943825292429983,1788173,0.9109330625984364,97.77550190954773
515,30900,237.4635759270563,198.01839518226217,7.447452196765225,15.409853209133964,1652077,0.9193540851630935,87.72018979238008
516,30960,233.88498678654804,203.16658094617935,7.496267479573642,15.293298754243574,1636353,0.9178884140402213,89.45704587157005
517,31020,236.71179899630013,198.06986219617926,7.436478623235436,15.38544113752674,1633067,0.9196921637879446,87.32034410436941
518,31080,251.48293838387482,216.94483615450332,7.803796044412094,15.85821359371461,1639091,0.9077763645365444,101.59290224585146
519,31140,226.96447026902183,208.57715603297532,7.4105170143691215,15.065340031642892,1578353,0.9182295373897541,89.05231130191513
520,31200,217.6903457107439,203.64052951388416,7.24473746036736,14.754333116435452,1536980,0.9231237258135687,83.27840790645759
521,31260,191.73510455367006,184.66981228298488,6.7314471810274705,13.846844570286404,1560183,0.9380624241976693,66.02713657921682
522,31320,177.82694598866092,169.20715494789778,6.443689778611464,13.335177013773043,1556852,0.9482587263222343,54.564510973119326
523,31380,176.65205318289745,166.30647894959512,6.300087320198891,13.291051620654306,1545455,0.9506615593922672,51.89905926066224
524,31440,214.30776864755416,181.36546766487294,7.086650327314203,14.639254374713015,1670179,0.9317407631363955,73.25990185707067
525,31500,246.64196446679668,196.59611436628992,7.730895362867284,15.704838887005389,1760490,0.915380855693271,92.44146169371439
526,31560,248.28127269301126,196.405042317613,7.735648456728905,15.756943634252528,1795017,0.9148724179776984,93.04858289473185
527,31620,235.48685771915655,193.1940115017255,7.459547155416988,15.345581048600165,1697619,0.9209498312116182,85.83547779620302
528,31680,219.17593863354796,195.4889724392349,7.187587799140339,14.804591809082341,1581625,0.9258339686466021,80.10726962396396
529,31740,226.21602201332746,207.3015787760124,7.365941923289676,15.040479447588346,1532917,0.9194966674874316,87.55152178261564
530,31800,222.92065180647108,203.83418511275198,7.297819541659293,14.930527512665822,1551977,0.9216450663866376,85.01638697048253
531,31860,224.87506959211564,205.9892339409722,7.347562230295212,14.99583507485047,1552480,0.9201735951094154,86.75146224022286
532,31920,218.5626051839194,197.1650661892255,7.2489737796973985,14.783862999362494,1584397,0.9248675905786324,81.23585493396072
533,31980,208.33414573807775,180.67800130206447,7.029776225860118,14.433784872239082,1639672,0.933687793335891,71.02182028875832
534,32040,210.841854457515,183.39118272568982,7.082505007319459,14.520394431884935,1699955,0.9314221998335592,73.62697622914216
535,32100,226.6069242235715,186.77824761275176,7.398332217535835,15.053468843544715,1714173,0.925050022237735,81.02262143722544
536,32160,248.16253188385684,197.92398437499537,7.674143910253843,15.753175295281165,1700102,0.9155540865339088,92.23476221463365
537,32220,312.26554337725094,233.14652669270703,8.810786984225908,17.671036850656243,1891090,0.8830047851076614,132.4966940899123
538,32280,264.7635880906422,216.39655490399457,8.189214781157954,16.27155764180683,1810522,0.9016105031237811,109.12638720970081
539,32340,253.8142169870966,211.1068088107533,7.952013466397278,15.931547852832649,1733597,0.9076253426072534,101.77619889655163
540,32400,3328.1807795545783,427.2702137476026,17.836575586410923,57.69038723699624,9869675,0.39393591233785563,1538.483973358486
541,32460,3475.3051895678927,459.0497774238575,19.25952996254317,58.951719140054706,11385562,0.3485817696658391,1868.7673510827312
542,32520,3681.884966335267,485.50020820041226,20.672596009815138,60.67853793834577,12913784,0.300560642130013,2327.1155960847054
543,32580,3568.757049271844,460.63257046559556,19.918327466743,59.739074727282514,12416441,0.32771014547582156,2051.477086704293
544,32640,3563.1787165027004,477.3479857068049,21.16508355482989,59.692367321984314,13751382,0.30249021597737646,2305.8920493309142
545,32700,3704.236812764851,483.276415844716,21.0359895872575,60.86244172529435,13463714,0.2926007752509324,2417.625941497957
546,32760,3675.11628906052,495.33548066677434,21.49749712582028,60.62273739332892,13901295,0.2837282153653493,2524.4996649780724
547,32820,3772.4535853420493,493.3063334364704,21.056423599951902,61.42030271288191,13348383,0.2845045563758233,2514.8821963997843
548,32880,3640.0248822645226,499.92670767753987,20.899937214448975,60.332618725400295,13203714,0.2947396252870702,2392.825104619106
549,32940,4085.8121624035302,554.4356336673268,24.28529360874596,63.92035796523304,16850228,0.1873071289977194,4338.825090913522
550,33000,3689.6994868591264,482.07761208992923,21.649257678536184,60.74289659589117,14402031,0.2822432339422397,2543.0433035806527
551,33060,3572.0583248191365,470.28121503510187,19.907643989547566,59.76669912935745,11970033,0.3276100349388995,2052.4095520654723
552,33120,3841.0691199664648,486.56272781364515,20.23448800604584,61.97635936360303,12122270,0.2973138987232985,2363.4485447673983
553,33180,3603.290180596922,472.4540590321282,20.241346513806985,60.02741190986766,12445442,0.3181909515224606,2142.7669304084898
554,33240,3648.5586663735303,472.1234652991778,19.371606536099918,60.40330012816791,11155930,0.33134785629337504,2017.9763683595438
555,33300,3538.110883533703,474.969373702267,20.22737772527935,59.48202151519149,12296746,0.3236694624867116,2089.5716646146543
556,33360,3786.599420519369,494.0814539122358,21.54273466460269,61.53535098233672,13805895,0.2759365180468407,2624.021956493081
557,33420,3687.600428741663,533.4463855595047,24.717672208990553,60.725615918997995,17869282,0.21420610019352482,3668.4011290833855
558,33480,3749.616326735881,559.2817989980438,25.53369614362028,61.23411081036354,18560289,0.18874739088562031,4298.086481131776
559,33540,4000.844267939342,550.9320258153269,24.876420912863203,63.252227375321276,17472721,0.18577086175630608,4382.975513736908
560,33600,4039.338463530589,538.9146864140724,25.667766892645506,63.55579016526023,18881471,0.17016577416310352,4876.622399058358
561,33660,3956.3408952160826,509.6785034497567,24.466691571363192,62.89945067499463,17732933,0.20481779454444737,3882.3882818589314
562,33720,3938.9511859479803,546.3704241582977,25.601827888981777,62.76106425123765,18858897,0.17587535355417805,4685.845002107995
563,33780,3811.8814619566706,518.9727202243274,24.99571986028547,61.740436198302575,18381176,0.20362921735561412,3910.8866251428904
564,33840,3735.4774254915965,521.1525661859287,25.213684958078634,61.11855222018595,18543473,0.20587968253656797,3857.2058577095477
565,33900,3597.908103773328,521.3407269405742,26.325507385207153,59.98256499828369,19834227,0.1981452025730921,4046.8039953231696
566,33960,3833.3664541040935,540.1811447362539,25.616731915792343,61.91418621046467,18684321,0.18745813473404527,4334.524433515473
567,34020,4008.4406534155924,532.5901722375548,25.274991166641595,63.312247262402494,18502176,0.18066297699028178,4535.168392878813
568,34080,3835.8022317904874,512.3179283139441,24.8460098653406,61.933853681088564,18075949,0.20764926320857657,3815.812897903395
569,34140,4186.672958731118,534.0791666357674,23.967844290569396,64.70450493382295,16891483,0.18889003237344182,4294.0855980318065
570,34200,4223.179124261162,527.1896212280827,23.63685547536647,64.98599175407853,16440725,0.19455915212318886,4139.825030522496
571,34260,3961.9863390839023,525.9284156688361,24.549360788728332,62.944311411627204,17760482,0.19778920465740557,4055.887664506862
572,34320,4110.634209610532,525.5596819456582,23.509338432457895,64.11422782511329,16383120,0.205084627885465,3876.035860466718
573,34380,4230.161878687159,506.308130394066,21.980098490099675,65.03969463863709,14255605,0.2308779830405192,3331.2921692689056
574,34440,4200.092788542937,500.83913067937647,21.666958176324332,64.80812285927541,13484508,0.24347142951030176,3107.258095996385
575,34500,4104.949319834769,518.2102450484477,23.10110052641876,64.06987841282961,15604713,0.21726219655861168,3602.7335442603153
576,34560,4173.35168530799,524.0134894949408,23.228884641076775,64.6014836153783,15840046,0.20720597356993897,3826.1156894806727
577,34620,4341.925149135163,512.5779675822492,22.510160803861996,65.89328607024515,15075021,0.2098459452313326,3765.400631866427
578,34680,4163.4081796727305,534.4286934943303,23.850192879137417,64.52447736845863,16658807,0.1932311675395878,4175.148568075217
579,34740,3898.1700665688427,541.3308732477532,25.922422869041537,62.435327071849656,19423460,0.17398911249640858,4747.486067673583
580,34800,4014.7540667231983,552.601400753981,25.971486530162046,63.36208698206837,18990321,0.16408109255169556,5000.0
581,34860,4217.024056292495,564.8557779194291,26.252799834883724,64.93861760379947,19390543,0.13910467016979933,5000.0
582,34920,4072.1036289152753,563.1220214770267,26.86508150751746,63.81303651226194,20196418,0.1398729629412483,5000.0
583,34980,3938.621625209713,585.1535134511689,28.6146449367424,62.7584386772784,22208834,0.11349913721184701,5000.0
584,35040,3976.2077676723043,597.4411957410833,28.9625424967723,63.057178557816115,22550215,0.1009959244890346,5000.0
585,35100,3877.4417260369178,596.3178558973332,29.769235714196306,62.269107316846274,23828513,0.09296627328460105,5000.0
586,35160,4063.0409197780978,566.732629990637,27.6919687737823,63.74198710252213,21285542,0.12460218203003548,5000.0
587,35220,4365.714667209001,518.9795540348467,24.278944081415148,66.07355497632166,16942401,0.17800560803951948,4617.80053456511
588,35280,4321.406749287754,539.7524224362681,24.83628109387868,65.7374075339738,17984094,0.16166537886553667,5000.0
589,35340,3969.356407113868,533.587061325709,26.035435730158593,63.00282856438962,19784756,0.16759670059766074,4966.704573741219
590,35400,3860.327672280087,530.293557940729,26.48203541927242,62.131535248053275,20384302,0.16912802218444845,4912.680743758803
591,35460,3946.595283728709,533.8022525701404,26.039959521766207,62.821933142245065,19793684,0.16916261605904936,4911.47159636578
592,35520,4020.6590548313798,549.4484111938056,27.042907384878053,63.40866703244423,20943008,0.1414768667490669,5000.0
593,35580,3978.381830039465,547.4047806495194,27.127721224355405,63.07441501939962,20657855,0.14704647301529017,5000.0
594,35640,3927.614948361657,567.5645030336682,29.016790684023483,62.67068651579985,23314256,0.10892819598703374,5000.0
595,35700,3981.8578224772878,549.812777292506,27.72734451769929,63.10196369747369,21652516,0.1336720460414853,5000.0
596,35760,4085.48740004532,539.9439908835327,26.549493545692393,63.917817547576824,20048287,0.15058054102447882,5000.0
597,35820,4191.471791040868,516.4859472623176,25.169804288022647,64.74157698914098,18269226,0.17503969625437377,4712.989804020028
598,35880,4288.587020319263,537.979298522907,25.385114870034016,65.4873042682264,18731759,0.15483354296001361,5000.0
599,35940,4189.178012868472,523.0787671981813,24.50421660495838,64.72385968766443,17759390,0.1818134608325881,4500.142813522423
600,36000,4132.425527654502,538.2905834465448,25.836137994014635,64.28394455581036,19548918,0.1568037657054132,5000.0
601,36060,4069.1412515440925,547.5992421055499,26.477607635886116,63.7898209085438,20337978,0.1473713829692762,5000.0
602,36120,4059.689629868766,544.0288344451483,25.70132291381704,63.715693748626535,19162735,0.16434100549409292,5000.0
603,36180,4169.640272193621,545.0065503183425,25.43583291537238,64.57275177808067,18877128,0.1598332179899694,5000.0
604,36240,4253.225242981119,542.721742154227,25.37967393557532,65.21675584526663,18628015,0.15667881568944697,5000.0
605,36300,4209.875744398964,549.6115177047152,26.13467104909177,64.88355526941295,19911538,0.14184437380151027,5000.0
606,36360,4106.412659749273,559.611668815665,26.77357461053053,64.08129726955653,20533530,0.13653711164619187,5000.0
607,36420,3972.270428598869,557.8319366500747,27.491188090175196,63.02595043788605,21556388,0.13406787012704835,5000.0
608,36480,4051.5915120808636,557.1014940664494,26.75309288745386,63.652113178439436,20146306,0.1447990424812421,5000.0
609,36540,4105.542156820561,574.2334088500932,28.03920598373682,64.07450473332246,22014338,0.11040517913517911,5000.0
610,36600,4066.1244577720927,579.2817902886238,28.70114544750716,63.766170167041494,22844780,0.10019159062459404,5000.0
611,36660,4003.191498747789,605.0910497866737,29.953163982548404,63.27077918555918,24403320,0.07432439858967632,5000.0
612,36720,3996.7835460360952,599.192476648108,29.77062714987244,63.220119788213744,24201860,0.07984309471755113,5000.0
613,36780,4197.700293431543,575.0648619416023,27.636373240004755,64.78966193330186,21061216,0.11357247332853615,5000.0
614,36840,4322.276836987219,586.7750428742539,27.428956135340414,65.74402510485055,20859690,0.10311387518315551,5000.0
615,36900,4239.524527173414,615.5006409733983,29.400741597683016,65.11163127409276,23399245,0.06461828959214755,5000.0
616,36960,4070.0975026221745,621.1941655013932,30.659770797210808,63.797315794805776,24975306,0.05376659797416217,5000.0
617,37020,4058.2552716551577,591.3814756310734,29.053569302182254,63.70443682864764,22840267,0.09391921209053178,5000.0
618,37080,4101.394255563099,614.5731377949605,30.201931226395473,64.04212875571126,24528316,0.060634252951822676,5000.0
619,37140,4042.5118559254543,600.0012423034372,29.78773301013828,63.58075067129559,24164854,0.07622229192910124,5000.0
620,37200,4069.389539866694,592.8948825590155,29.350888662960035,63.79176702260797,23590013,0.08444359362837717,5000.0
621,37260,3926.131011624636,598.412207903656,30.51445787219463,62.658846235983596,25119940,0.07281564711616162,5000.0
622,37320,3836.0509258900865,607.6045515242677,31.02156027027328,61.9358613881335,25467369,0.07000079802609027,5000.0
623,37380,3797.763310213291,601.5811653380927,30.721648865748715,61.62599540951278,25062721,0.08049588186613776,5000.0
624,37440,3886.053862824951,592.0163259547434,30.27836655647483,62.338221524398264,24676119,0.08340118355269921,5000.0
625,37500,4199.2179573835165,548.7674391694198,27.21534082688768,64.80137311341107,20844451,0.12761347029253844,5000.0
626,37560,4354.027399077122,528.9883871629512,25.00046051678858,65.98505436140158,18075285,0.16109177472514935,5000.0
627,37620,3885.2304045695696,509.8621835521545,26.172456470145463,62.331616412295695,19814633,0.18122647419985927,4517.9575965109
628,37680,3992.409985287095,547.7087054294715,27.061671009701328,63.18552037680069,20692853,0.14607952163849824,5000.0
629,37740,4290.223142314017,523.6805066976652,24.481988052455527,65.49979497917545,17476489,0.17633411576053548,4671.052341102364
630,37800,4278.566669014254,525.3098944359946,24.531816242956967,65.41075346618669,17844085,0.1733827941335775,4767.58498441074
631,37860,4190.3417789600235,539.7034348917596,25.6824790392738,64.7328493035802,19341787,0.15466740874525053,5000.0
632,37920,3892.69596749101,533.3023003107517,26.659247113698456,62.39147351594615,20292413,0.1649737228592809,5000.0
633,37980,3959.8901369043956,539.3716589177441,26.013930570692565,62.927657964557966,19510915,0.16857820345102437,4931.964984373094
634,38040,4144.136075181607,522.4747731650448,24.573460924830428,64.37496466159502,17703577,0.18537330609278724,4394.519961247588
635,38100,4213.662762670897,525.8059481788872,25.40334374203085,64.91273189961194,19261452,0.16053159281728535,5000.0
636,38160,4027.8740804687504,540.855105226294,26.88256787295484,63.46553458743376,20869833,0.1457382733899102,5000.0
637,38220,3630.9899964582237,572.9023567351871,30.23875801690629,60.25769657444785,25000048,0.10769757136216462,5000.0
638,38280,3609.716996696884,603.8497607498689,31.624825733085974,60.08092040487466,26625039,0.07534170570828069,5000.0
639,38340,3873.928004196496,571.4195642195702,29.2529941725603,62.24088691685311,23939022,0.1050351375550006,5000.0
640,38400,3942.788925004063,579.446394028076,29.558126994916954,62.79163101086054,24328096,0.09157526983987518,5000.0
641,38460,3875.718672448806,627.8714626678416,31.626201847340774,62.255270238340515,25881009,0.052019341767431504,5000.0
642,38520,3783.7765986532977,639.7334188986779,31.74994768515137,61.51241011904263,26313435,0.05059646287722275,5000.0
643,38580,3813.769044458176,644.8795734493948,32.00921083688103,61.75572074276339,26584309,0.04240249250271222,5000.0
644,38640,3651.7710483661717,626.806161985015,31.67829153448422,60.429885390973325,25714055,0.07066690102944473,5000.0
645,38700,3607.3260571199094,601.6436499698591,31.226918759664244,60.061019447890736,25238655,0.090141654192197,5000.0
646,38760,3577.1704593300433,599.9573957960292,31.353188285155042,59.80945125421268,25587109,0.08942605064719644,5000.0
647,38820,3780.533442599526,593.2474431581663,31.025291118883143,61.48604266497826,25694865,0.07757269537698142,5000.0
648,38880,3868.118729432843,600.9159622419273,30.584135486280005,62.1942017348309,25058234,0.07635745459044829,5000.0
649,38940,3715.9096856143906,610.0794313783811,31.629362334551473,60.95826183229301,26195904,0.0681959015607102,5000.0
650,39000,3335.0526098635623,602.669180708651,31.924278185387973,57.74991437104961,26133531,0.09901017955404823,5000.0
651,39060,3331.866636633967,606.421581963433,31.754912238502737,57.72232355539724,25777039,0.10198531100866504,5000.0
652,39120,3444.218468789166,566.6044574072521,30.212254853248762,58.687464324071506,24161964,0.13134811687693249,5000.0
653,39180,3610.3965788921782,592.5474888382477,31.336288574272015,60.08657569617508,26001714,0.08633080735147125,5000.0
654,39240,3713.1523638538774,595.3847317771804,30.426465892074177,60.93564116224492,24689497,0.09436949206040501,5000.0
655,39300,3760.3641849288924,595.526092569298,30.652673830002904,61.321808395781126,24871765,0.08754889905685759,5000.0
656,39360,3735.448266466766,591.1836425428875,30.278478271013135,61.11831367492698,24570186,0.09616398768906076,5000.0
657,39420,3776.9091099243988,558.7544378941664,29.031846520349266,61.45656278970049,23407725,0.1228295806661972,5000.0
658,39480,3966.592192891158,538.7312021989186,27.291589412970684,62.98088752066898,21170231,0.1457916842640239,5000.0
659,39540,4151.47254219247,513.3761805468478,25.581803562419992,64.43192176392436,18754846,0.17231345618807303,4803.377299266409
660,39600,4235.651445743392,524.006583009648,25.73786855180868,65.0818826229189,18917101,0.1597237587276984,5000.0
661,39660,4130.45533899053,534.0652495365805,25.855727842664216,64.26861861741335,19169700,0.16128302380326198,5000.0
662,39720,3978.066510163181,509.3371168694095,24.803658694284074,63.07191538365694,18174284,0.1973099138853751,4068.1690560208667
663,39780,3975.6166709200224,509.1376822445716,25.127542894634733,63.052491393441564,18401760,0.19338031913870812,4171.157046662636
664,39840,3953.810622161554,509.23047409636786,25.309961587442828,62.87933382409163,18568530,0.19235738768930677,4198.656584041302
665,39900,4097.081267683919,522.9385025471818,25.699993026605693,64.00844684636489,19147221,0.16910434451193235,4913.50862620468
666,39960,4319.912140480024,541.8952623927316,25.012245318585613,65.72603852720795,17974484,0.15978750924091167,5000.0
667,40020,4305.863754499731,535.5636661201747,25.05018185711305,65.61908071970934,18240678,0.16072430268055038,5000.0
668,40080,4161.698886049549,537.2191283471836,25.321883976260295,64.51123069706196,18696549,0.16546209638832976,5000.0
669,40140,3944.750102184096,535.8405750868012,25.728263626228287,62.807245618512006,19540264,0.17288219891651035,4784.2855208183
670,40200,3733.1327778416344,542.7673715491778,26.199218243269215,61.09936806417587,19900969,0.18042785840732467,4542.381364093184
671,40260,3599.752224168894,536.9005466059887,26.633835563706644,59.99793516587795,20001210,0.18888194014255288,4294.312411473963
672,40320,3561.7093256563894,586.5341077010498,30.22109713376358,59.68005802323243,24601034,0.11153636439289749,5000.0
673,40380,3840.169984321253,582.5045474518658,29.212591944378396,61.96910507923487,23361200,0.1085376266465452,5000.0
674,40440,4236.652550078197,550.8943847380636,24.999599574057914,65.08957328234835,17516936,0.16657137162500446,5000.0
675,40500,4145.1458239767,529.8291023751707,25.12161613572393,64.38280689731305,17923654,0.17689279083053078,4653.141630616442
676,40560,4027.8859770999074,520.2180010124301,24.262747709649133,63.46562831249611,17186724,0.20139813112871396,3965.2893718308533
677,40620,4151.350759521465,511.3167487221,24.44152016777387,64.4309767078031,17945479,0.18786504361192247,4322.970046868991
678,40680,4137.992411729993,507.0204123238975,24.527013731369976,64.32722916254045,18024158,0.18915353392003342,4286.710638051099
679,40740,3911.275216631359,509.50719939370674,25.408274431677945,62.540188811926036,19371002,0.18850002485713035,4305.039088233166
680,40800,3717.7133959489993,518.9723967683475,26.448058459436893,60.97305467129721,20427316,0.18409147914295032,4432.081944561281
681,40860,3451.105041823324,545.0643066178768,28.901667769911473,58.74610660991351,23460582,0.15367657848822702,5000.0
682,40920,3882.2299579560995,559.1115190370866,28.445408790564866,62.30754334714297,22509289,0.1259735799686268,5000.0
683,40980,4043.0112227896225,534.3082107043689,26.377145863928245,63.584677578718775,19928083,0.15804402709836807,5000.0
684,41040,4110.668982065694,529.6460522703901,25.789026438249884,64.11449900034854,19258234,0.16415751621034413,5000.0
685,41100,3958.338949863968,514.058366881447,25.486628538464878,62.91533159623311,18762682,0.18746265436271548,4334.395820861109
686,41160,3811.662297312153,517.0583321444085,25.67308958966579,61.738661285390315,19073929,0.19386373993946493,4158.262191332199
687,41220,3941.4465482371957,511.50308249296853,24.21998047967603,62.78094096329869,17116470,0.21198089698942402,3717.4062106638376
688,41280,4003.898851503118,531.69778469857,25.265588085637308,63.2763688236226,18723057,0.17966388796546084,4565.948790957052
689,41340,3790.4244828202927,520.668316985461,26.0547269984914,61.566423339514316,19541279,0.18772583092526784,4326.917425647684
690,41400,3592.2367372288168,532.1475845404542,27.9362718301102,59.93527122845793,22510942,0.16179951861616215,5000.0
691,41460,3644.590873174681,566.668076164527,29.90933903106027,60.37044701817836,24800372,0.11286029596548186,5000.0
692,41520,3827.571776677816,585.3426190931106,29.705004991097127,61.86737247271631,24120892,0.09888835834743781,5000.0
693,41580,4045.9105395470892,579.444976092002,28.475596946928746,63.60747235621841,22513325,0.10595126090579421,5000.0
